<?xml version="1.0" encoding="UTF-8"?>
<project-private xmlns="http://www.netbeans.org/ns/project-private/1">
    <editor-bookmarks xmlns="http://www.netbeans.org/ns/editor-bookmarks/2" lastBookmarkId="0"/>
    <open-files xmlns="http://www.netbeans.org/ns/projectui-open-files/2">
        <group>
            <file>file:/D:/Develop_Tech/AccurateGrabber/AccurateGrabberServer/src/server/Server.java</file>
            <file>file:/D:/Develop_Tech/AccurateGrabber/AccurateGrabberServer/src/usermaintenance/LoginPage.java</file>
            <file>file:/D:/Develop_Tech/AccurateGrabber/AccurateGrabberServer/src/usermaintenance/MainFrame.java</file>
            <file>file:/D:/Develop_Tech/AccurateGrabber/AccurateGrabberServer/src/services/AccurateGrabberThread.java</file>
            <file>file:/D:/Develop_Tech/AccurateGrabber/AccurateGrabberServer/src/usermaintenance/UserReprt.java</file>
            <file>file:/D:/Develop_Tech/AccurateGrabber/AccurateGrabberServer/src/usermaintenance/ManageUser.java</file>
            <file>file:/D:/Develop_Tech/AccurateGrabber/AccurateGrabberServer/src/usermaintenance/ManageProfile.java</file>
        </group>
    </open-files>
</project-private>
